mode	s	kvlength	activation_bytes	op	M	N	K	flop_count	profiler_strategy	effective_scale	is_kv_cache_op	hbm_weight_read_bytes	cim_weight_write_bytes	hbm_activation_read_bytes	dram_read_bytes	dram_write_bytes	K_factor	M_factor	N_factor	tile_L2	tile_L1	loop_order	double_buffering	total_latency_cycles	compute_latency_cycles	dram_latency_cycles	compute_ratio	tops
shared_kv_decode	8191	8191	0.775	Q_mul_K	5	8192	128	83886080	shared-kv-serialized	8	True	8388608	8388608	3968	8392576	327680	1	1	16	5x768x128	5x768x128	knm	True	10184	968	8784	0.0951	8.237
shared_kv_decode	8191	8191	0.775	A_mul_V	5	128	8192	83886080	shared-kv-serialized	8	True	8388608	8388608	253952	8642560	5120	5	1	3	5x128x5120	5x128x5120	knm	True	14584	5808	8664	0.3982	5.7519
shared_kv_decode	8191	8191	0.775	H_matmul0	1	5120	5120	52428800	N/A	1	False	26214400	26214400	3968	26218368	5120	1	1	16	1x768x1024	1x768x1024	knm	True	27611	1330	26246	0.0482	1.8988
shared_kv_decode	8191	8191	0.775	Q_proj	1	5120	5120	52428800	N/A	1	False	26214400	26214400	3968	26218368	5120	1	1	16	1x768x1024	1x768x1024	knm	True	26841	560	26246	0.0209	1.9533
shared_kv_decode	8191	8191	0.775	K_proj	1	1024	5120	10485760	N/A	1	False	5242880	5242880	3968	5246848	1024	5	1	3	1x144x5120	1x144x5120	knm	True	5398	128	5254	0.0237	1.9425
shared_kv_decode	8191	8191	0.775	V_proj	1	1024	5120	10485760	N/A	1	False	5242880	5242880	3968	5246848	1024	5	1	3	1x144x5120	1x144x5120	knm	True	5398	128	5254	0.0237	1.9425
shared_kv_decode	8191	8191	0.775	Gate_proj	1	13824	5120	141557760	N/A	1	False	70778880	70778880	3968	70782848	13824	1	1	16	1x768x1024	1x768x1024	knm	True	73909	2970	70849	0.0402	1.9153
shared_kv_decode	8191	8191	0.775	Up_proj	1	13824	5120	141557760	N/A	1	False	70778880	70778880	3968	70782848	13824	1	1	16	1x768x1024	1x768x1024	knm	True	73909	2970	70849	0.0402	1.9153
shared_kv_decode	8191	8191	0.775	Down_proj	1	5120	13824	141557760	N/A	1	False	70778880	70778880	10714	70789594	5120	2	1	8	1x384x2048	1x384x2048	knm	True	72419	1372	70851	0.0189	1.9547
shared_kv_decode	16383	16383	0.775	Q_mul_K	5	16384	128	167772160	shared-kv-serialized	8	True	16777216	16777216	3968	16781184	655360	1	1	16	5x768x128	5x768x128	knm	True	20352	1936	17560	0.0951	8.2435
shared_kv_decode	16383	16383	0.775	A_mul_V	5	128	16384	167772160	shared-kv-serialized	8	True	16777216	16777216	507904	17285120	5120	16	1	1	5x48x16384	5x48x16384	knm	True	26248	8712	17312	0.3319	6.3918
shared_kv_decode	16383	16383	0.775	H_matmul0	1	5120	5120	52428800	N/A	1	False	26214400	26214400	3968	26218368	5120	1	1	16	1x768x1024	1x768x1024	knm	True	27611	1330	26246	0.0482	1.8988
shared_kv_decode	16383	16383	0.775	Q_proj	1	5120	5120	52428800	N/A	1	False	26214400	26214400	3968	26218368	5120	1	1	16	1x768x1024	1x768x1024	knm	True	26841	560	26246	0.0209	1.9533
shared_kv_decode	16383	16383	0.775	K_proj	1	1024	5120	10485760	N/A	1	False	5242880	5242880	3968	5246848	1024	5	1	3	1x144x5120	1x144x5120	knm	True	5398	128	5254	0.0237	1.9425
shared_kv_decode	16383	16383	0.775	V_proj	1	1024	5120	10485760	N/A	1	False	5242880	5242880	3968	5246848	1024	5	1	3	1x144x5120	1x144x5120	knm	True	5398	128	5254	0.0237	1.9425
shared_kv_decode	16383	16383	0.775	Gate_proj	1	13824	5120	141557760	N/A	1	False	70778880	70778880	3968	70782848	13824	1	1	16	1x768x1024	1x768x1024	knm	True	73909	2970	70849	0.0402	1.9153
shared_kv_decode	16383	16383	0.775	Up_proj	1	13824	5120	141557760	N/A	1	False	70778880	70778880	3968	70782848	13824	1	1	16	1x768x1024	1x768x1024	knm	True	73909	2970	70849	0.0402	1.9153
shared_kv_decode	16383	16383	0.775	Down_proj	1	5120	13824	141557760	N/A	1	False	70778880	70778880	10714	70789594	5120	2	1	8	1x384x2048	1x384x2048	knm	True	72419	1372	70851	0.0189	1.9547
shared_kv_decode	32767	32767	0.775	Q_mul_K	5	32768	128	335544320	shared-kv-serialized	8	True	33554432	33554432	3968	33558400	1310720	1	1	16	5x768x128	5x768x128	knm	True	40608	3784	35112	0.0932	8.263
shared_kv_decode	32767	32767	0.775	A_mul_V	5	128	32768	335544320	shared-kv-serialized	8	True	33554432	33554432	1015808	34570240	5120	16	1	1	5x48x16384	5x48x16384	knm	True	52488	17424	34616	0.332	6.3928
shared_kv_decode	32767	32767	0.775	H_matmul0	1	5120	5120	52428800	N/A	1	False	26214400	26214400	3968	26218368	5120	1	1	16	1x768x1024	1x768x1024	knm	True	27611	1330	26246	0.0482	1.8988
shared_kv_decode	32767	32767	0.775	Q_proj	1	5120	5120	52428800	N/A	1	False	26214400	26214400	3968	26218368	5120	1	1	16	1x768x1024	1x768x1024	knm	True	26841	560	26246	0.0209	1.9533
shared_kv_decode	32767	32767	0.775	K_proj	1	1024	5120	10485760	N/A	1	False	5242880	5242880	3968	5246848	1024	5	1	3	1x144x5120	1x144x5120	knm	True	5398	128	5254	0.0237	1.9425
shared_kv_decode	32767	32767	0.775	V_proj	1	1024	5120	10485760	N/A	1	False	5242880	5242880	3968	5246848	1024	5	1	3	1x144x5120	1x144x5120	knm	True	5398	128	5254	0.0237	1.9425
shared_kv_decode	32767	32767	0.775	Gate_proj	1	13824	5120	141557760	N/A	1	False	70778880	70778880	3968	70782848	13824	1	1	16	1x768x1024	1x768x1024	knm	True	73909	2970	70849	0.0402	1.9153
shared_kv_decode	32767	32767	0.775	Up_proj	1	13824	5120	141557760	N/A	1	False	70778880	70778880	3968	70782848	13824	1	1	16	1x768x1024	1x768x1024	knm	True	73909	2970	70849	0.0402	1.9153
shared_kv_decode	32767	32767	0.775	Down_proj	1	5120	13824	141557760	N/A	1	False	70778880	70778880	10714	70789594	5120	2	1	8	1x384x2048	1x384x2048	knm	True	72419	1372	70851	0.0189	1.9547
shared_kv_decode	65535	65535	0.775	Q_mul_K	5	65536	128	671088640	shared-kv-serialized	8	True	67108864	67108864	3968	67112832	2621440	1	1	16	5x768x128	5x768x128	knm	True	81200	7568	70216	0.0932	8.2646
shared_kv_decode	65535	65535	0.775	A_mul_V	5	128	65536	671088640	shared-kv-serialized	8	True	67108864	67108864	2031616	69140480	5120	16	1	1	5x48x16384	5x48x16384	knm	True	104968	34848	69224	0.332	6.3933
shared_kv_decode	65535	65535	0.775	H_matmul0	1	5120	5120	52428800	N/A	1	False	26214400	26214400	3968	26218368	5120	1	1	16	1x768x1024	1x768x1024	knm	True	27611	1330	26246	0.0482	1.8988
shared_kv_decode	65535	65535	0.775	Q_proj	1	5120	5120	52428800	N/A	1	False	26214400	26214400	3968	26218368	5120	1	1	16	1x768x1024	1x768x1024	knm	True	26841	560	26246	0.0209	1.9533
shared_kv_decode	65535	65535	0.775	K_proj	1	1024	5120	10485760	N/A	1	False	5242880	5242880	3968	5246848	1024	5	1	3	1x144x5120	1x144x5120	knm	True	5398	128	5254	0.0237	1.9425
shared_kv_decode	65535	65535	0.775	V_proj	1	1024	5120	10485760	N/A	1	False	5242880	5242880	3968	5246848	1024	5	1	3	1x144x5120	1x144x5120	knm	True	5398	128	5254	0.0237	1.9425
shared_kv_decode	65535	65535	0.775	Gate_proj	1	13824	5120	141557760	N/A	1	False	70778880	70778880	3968	70782848	13824	1	1	16	1x768x1024	1x768x1024	knm	True	73909	2970	70849	0.0402	1.9153
shared_kv_decode	65535	65535	0.775	Up_proj	1	13824	5120	141557760	N/A	1	False	70778880	70778880	3968	70782848	13824	1	1	16	1x768x1024	1x768x1024	knm	True	73909	2970	70849	0.0402	1.9153
shared_kv_decode	65535	65535	0.775	Down_proj	1	5120	13824	141557760	N/A	1	False	70778880	70778880	10714	70789594	5120	2	1	8	1x384x2048	1x384x2048	knm	True	72419	1372	70851	0.0189	1.9547
shared_kv_decode	131071	131071	0.775	Q_mul_K	5	131072	128	1342177280	shared-kv-serialized	8	True	134217728	134217728	3968	134221696	5242880	1	1	16	5x768x128	5x768x128	knm	True	162304	15048	140424	0.0927	8.2695
shared_kv_decode	131071	131071	0.775	A_mul_V	5	128	131072	1342177280	shared-kv-serialized	8	True	134217728	134217728	4063232	138280960	5120	16	1	1	5x48x16384	5x48x16384	knm	True	209928	69696	138440	0.332	6.3935
shared_kv_decode	131071	131071	0.775	H_matmul0	1	5120	5120	52428800	N/A	1	False	26214400	26214400	3968	26218368	5120	1	1	16	1x768x1024	1x768x1024	knm	True	27611	1330	26246	0.0482	1.8988
shared_kv_decode	131071	131071	0.775	Q_proj	1	5120	5120	52428800	N/A	1	False	26214400	26214400	3968	26218368	5120	1	1	16	1x768x1024	1x768x1024	knm	True	26841	560	26246	0.0209	1.9533
shared_kv_decode	131071	131071	0.775	K_proj	1	1024	5120	10485760	N/A	1	False	5242880	5242880	3968	5246848	1024	5	1	3	1x144x5120	1x144x5120	knm	True	5398	128	5254	0.0237	1.9425
shared_kv_decode	131071	131071	0.775	V_proj	1	1024	5120	10485760	N/A	1	False	5242880	5242880	3968	5246848	1024	5	1	3	1x144x5120	1x144x5120	knm	True	5398	128	5254	0.0237	1.9425
shared_kv_decode	131071	131071	0.775	Gate_proj	1	13824	5120	141557760	N/A	1	False	70778880	70778880	3968	70782848	13824	1	1	16	1x768x1024	1x768x1024	knm	True	73909	2970	70849	0.0402	1.9153
shared_kv_decode	131071	131071	0.775	Up_proj	1	13824	5120	141557760	N/A	1	False	70778880	70778880	3968	70782848	13824	1	1	16	1x768x1024	1x768x1024	knm	True	73909	2970	70849	0.0402	1.9153
shared_kv_decode	131071	131071	0.775	Down_proj	1	5120	13824	141557760	N/A	1	False	70778880	70778880	10714	70789594	5120	2	1	8	1x384x2048	1x384x2048	knm	True	72419	1372	70851	0.0189	1.9547
