mode,s,kvlength,bandwidth_GBps,total_dram_read_GB,total_kv_cache_access_GB/total_weight_write_GB,total_kv_cache_access_GB,total_weight_write_GB,compute_ratio_percent,total_latency_ms,total_TOPS
shared_kv_decode_act0775,8191,8191,46,14.031401,0.060952,0.805306,13.212058,0.2544,306.269856,0.1126
shared_kv_decode_act0775,8191,8191,368,14.031401,0.060952,0.805306,13.212058,1.9966,39.027840,0.8834
shared_kv_decode_act0775,8191,8191,568,14.031401,0.060952,0.805306,13.212058,3.0465,25.577616,1.3479
shared_kv_decode_act0775,8191,8191,768,14.031401,0.060952,0.805306,13.212058,4.0744,19.124976,1.8027
shared_kv_decode_act0775,16383,16383,46,14.848897,0.121905,1.610613,13.212058,0.2973,324.599328,0.131
shared_kv_decode_act0775,16383,16383,368,14.848897,0.121905,1.610613,13.212058,2.3251,41.507712,1.0246
shared_kv_decode_act0775,16383,16383,568,14.848897,0.121905,1.610613,13.212058,3.5403,27.260304,1.5602
shared_kv_decode_act0775,16383,16383,768,14.848897,0.121905,1.610613,13.212058,4.7260,20.420976,2.0827
shared_kv_decode_act0775,32767,32767,46,16.483889,0.243810,3.221225,13.212058,0.4073,361.393824,0.1623
shared_kv_decode_act0775,32767,32767,368,16.483889,0.243810,3.221225,13.212058,3.1585,46.603008,1.2582
shared_kv_decode_act0775,32767,32767,568,16.483889,0.243810,3.221225,13.212058,4.7851,30.761232,1.9062
shared_kv_decode_act0775,32767,32767,768,16.483889,0.243810,3.221225,13.212058,6.3584,23.150064,2.5329
shared_kv_decode_act0775,65535,65535,46,19.753874,0.487619,6.442451,13.212058,0.5724,434.987424,0.2089
shared_kv_decode_act0775,65535,65535,368,19.753874,0.487619,6.442451,13.212058,4.3839,56.797440,1.5995
shared_kv_decode_act0775,65535,65535,568,19.753874,0.487619,6.442451,13.212058,6.5929,37.766928,2.4055
shared_kv_decode_act0775,65535,65535,768,19.753874,0.487619,6.442451,13.212058,8.7027,28.611312,3.1753
shared_kv_decode_act0775,131071,131071,46,26.293842,0.975238,12.884902,13.212058,0.7767,582.169632,0.2667
shared_kv_decode_act0775,131071,131071,368,26.293842,0.975238,12.884902,13.212058,5.8585,77.182080,2.0118
shared_kv_decode_act0775,131071,131071,568,26.293842,0.975238,12.884902,13.212058,8.7334,51.774864,2.999
shared_kv_decode_act0775,131071,131071,768,26.293842,0.975238,12.884902,13.212058,11.4384,39.530736,3.9279
