mode	s	kvlength	bandwidth_GBps	activation_bytes	log	profiler_json	gemm_csv	sim_csv
shared_kv_decode_act0775	8191	8191	368	0.775	ae/figure5/ijkl/qwen_decode_sharedkv_kv1b_act0775_newcode_bw_sweep_20261004/shared_kv_s8191_bw368GBps.log	ae/figure5/ijkl/qwen_decode_sharedkv_kv1b_act0775_newcode_bw_sweep_20261004/shared_kv_s8191_bw368GBps_profiler.json	ae/figure5/ijkl/qwen_decode_sharedkv_kv1b_act0775_newcode_bw_sweep_20261004/shared_kv_s8191_bw368GBps_gemm.csv	ae/figure5/ijkl/qwen_decode_sharedkv_kv1b_act0775_newcode_bw_sweep_20261004/shared_kv_s8191_bw368GBps_sim.csv
shared_kv_decode_act0775	8191	8191	568	0.775	ae/figure5/ijkl/qwen_decode_sharedkv_kv1b_act0775_newcode_bw_sweep_20261004/shared_kv_s8191_bw568GBps.log	ae/figure5/ijkl/qwen_decode_sharedkv_kv1b_act0775_newcode_bw_sweep_20261004/shared_kv_s8191_bw568GBps_profiler.json	ae/figure5/ijkl/qwen_decode_sharedkv_kv1b_act0775_newcode_bw_sweep_20261004/shared_kv_s8191_bw568GBps_gemm.csv	ae/figure5/ijkl/qwen_decode_sharedkv_kv1b_act0775_newcode_bw_sweep_20261004/shared_kv_s8191_bw568GBps_sim.csv
shared_kv_decode_act0775	8191	8191	768	0.775	ae/figure5/ijkl/qwen_decode_sharedkv_kv1b_act0775_newcode_bw_sweep_20261004/shared_kv_s8191_bw768GBps.log	ae/figure5/ijkl/qwen_decode_sharedkv_kv1b_act0775_newcode_bw_sweep_20261004/shared_kv_s8191_bw768GBps_profiler.json	ae/figure5/ijkl/qwen_decode_sharedkv_kv1b_act0775_newcode_bw_sweep_20261004/shared_kv_s8191_bw768GBps_gemm.csv	ae/figure5/ijkl/qwen_decode_sharedkv_kv1b_act0775_newcode_bw_sweep_20261004/shared_kv_s8191_bw768GBps_sim.csv
shared_kv_decode_act0775	16383	16383	368	0.775	ae/figure5/ijkl/qwen_decode_sharedkv_kv1b_act0775_newcode_bw_sweep_20261004/shared_kv_s16383_bw368GBps.log	ae/figure5/ijkl/qwen_decode_sharedkv_kv1b_act0775_newcode_bw_sweep_20261004/shared_kv_s16383_bw368GBps_profiler.json	ae/figure5/ijkl/qwen_decode_sharedkv_kv1b_act0775_newcode_bw_sweep_20261004/shared_kv_s16383_bw368GBps_gemm.csv	ae/figure5/ijkl/qwen_decode_sharedkv_kv1b_act0775_newcode_bw_sweep_20261004/shared_kv_s16383_bw368GBps_sim.csv
shared_kv_decode_act0775	16383	16383	568	0.775	ae/figure5/ijkl/qwen_decode_sharedkv_kv1b_act0775_newcode_bw_sweep_20261004/shared_kv_s16383_bw568GBps.log	ae/figure5/ijkl/qwen_decode_sharedkv_kv1b_act0775_newcode_bw_sweep_20261004/shared_kv_s16383_bw568GBps_profiler.json	ae/figure5/ijkl/qwen_decode_sharedkv_kv1b_act0775_newcode_bw_sweep_20261004/shared_kv_s16383_bw568GBps_gemm.csv	ae/figure5/ijkl/qwen_decode_sharedkv_kv1b_act0775_newcode_bw_sweep_20261004/shared_kv_s16383_bw568GBps_sim.csv
shared_kv_decode_act0775	16383	16383	768	0.775	ae/figure5/ijkl/qwen_decode_sharedkv_kv1b_act0775_newcode_bw_sweep_20261004/shared_kv_s16383_bw768GBps.log	ae/figure5/ijkl/qwen_decode_sharedkv_kv1b_act0775_newcode_bw_sweep_20261004/shared_kv_s16383_bw768GBps_profiler.json	ae/figure5/ijkl/qwen_decode_sharedkv_kv1b_act0775_newcode_bw_sweep_20261004/shared_kv_s16383_bw768GBps_gemm.csv	ae/figure5/ijkl/qwen_decode_sharedkv_kv1b_act0775_newcode_bw_sweep_20261004/shared_kv_s16383_bw768GBps_sim.csv
shared_kv_decode_act0775	32767	32767	368	0.775	ae/figure5/ijkl/qwen_decode_sharedkv_kv1b_act0775_newcode_bw_sweep_20261004/shared_kv_s32767_bw368GBps.log	ae/figure5/ijkl/qwen_decode_sharedkv_kv1b_act0775_newcode_bw_sweep_20261004/shared_kv_s32767_bw368GBps_profiler.json	ae/figure5/ijkl/qwen_decode_sharedkv_kv1b_act0775_newcode_bw_sweep_20261004/shared_kv_s32767_bw368GBps_gemm.csv	ae/figure5/ijkl/qwen_decode_sharedkv_kv1b_act0775_newcode_bw_sweep_20261004/shared_kv_s32767_bw368GBps_sim.csv
shared_kv_decode_act0775	32767	32767	568	0.775	ae/figure5/ijkl/qwen_decode_sharedkv_kv1b_act0775_newcode_bw_sweep_20261004/shared_kv_s32767_bw568GBps.log	ae/figure5/ijkl/qwen_decode_sharedkv_kv1b_act0775_newcode_bw_sweep_20261004/shared_kv_s32767_bw568GBps_profiler.json	ae/figure5/ijkl/qwen_decode_sharedkv_kv1b_act0775_newcode_bw_sweep_20261004/shared_kv_s32767_bw568GBps_gemm.csv	ae/figure5/ijkl/qwen_decode_sharedkv_kv1b_act0775_newcode_bw_sweep_20261004/shared_kv_s32767_bw568GBps_sim.csv
shared_kv_decode_act0775	32767	32767	768	0.775	ae/figure5/ijkl/qwen_decode_sharedkv_kv1b_act0775_newcode_bw_sweep_20261004/shared_kv_s32767_bw768GBps.log	ae/figure5/ijkl/qwen_decode_sharedkv_kv1b_act0775_newcode_bw_sweep_20261004/shared_kv_s32767_bw768GBps_profiler.json	ae/figure5/ijkl/qwen_decode_sharedkv_kv1b_act0775_newcode_bw_sweep_20261004/shared_kv_s32767_bw768GBps_gemm.csv	ae/figure5/ijkl/qwen_decode_sharedkv_kv1b_act0775_newcode_bw_sweep_20261004/shared_kv_s32767_bw768GBps_sim.csv
shared_kv_decode_act0775	65535	65535	368	0.775	ae/figure5/ijkl/qwen_decode_sharedkv_kv1b_act0775_newcode_bw_sweep_20261004/shared_kv_s65535_bw368GBps.log	ae/figure5/ijkl/qwen_decode_sharedkv_kv1b_act0775_newcode_bw_sweep_20261004/shared_kv_s65535_bw368GBps_profiler.json	ae/figure5/ijkl/qwen_decode_sharedkv_kv1b_act0775_newcode_bw_sweep_20261004/shared_kv_s65535_bw368GBps_gemm.csv	ae/figure5/ijkl/qwen_decode_sharedkv_kv1b_act0775_newcode_bw_sweep_20261004/shared_kv_s65535_bw368GBps_sim.csv
shared_kv_decode_act0775	65535	65535	568	0.775	ae/figure5/ijkl/qwen_decode_sharedkv_kv1b_act0775_newcode_bw_sweep_20261004/shared_kv_s65535_bw568GBps.log	ae/figure5/ijkl/qwen_decode_sharedkv_kv1b_act0775_newcode_bw_sweep_20261004/shared_kv_s65535_bw568GBps_profiler.json	ae/figure5/ijkl/qwen_decode_sharedkv_kv1b_act0775_newcode_bw_sweep_20261004/shared_kv_s65535_bw568GBps_gemm.csv	ae/figure5/ijkl/qwen_decode_sharedkv_kv1b_act0775_newcode_bw_sweep_20261004/shared_kv_s65535_bw568GBps_sim.csv
shared_kv_decode_act0775	65535	65535	768	0.775	ae/figure5/ijkl/qwen_decode_sharedkv_kv1b_act0775_newcode_bw_sweep_20261004/shared_kv_s65535_bw768GBps.log	ae/figure5/ijkl/qwen_decode_sharedkv_kv1b_act0775_newcode_bw_sweep_20261004/shared_kv_s65535_bw768GBps_profiler.json	ae/figure5/ijkl/qwen_decode_sharedkv_kv1b_act0775_newcode_bw_sweep_20261004/shared_kv_s65535_bw768GBps_gemm.csv	ae/figure5/ijkl/qwen_decode_sharedkv_kv1b_act0775_newcode_bw_sweep_20261004/shared_kv_s65535_bw768GBps_sim.csv
shared_kv_decode_act0775	131071	131071	368	0.775	ae/figure5/ijkl/qwen_decode_sharedkv_kv1b_act0775_newcode_bw_sweep_20261004/shared_kv_s131071_bw368GBps.log	ae/figure5/ijkl/qwen_decode_sharedkv_kv1b_act0775_newcode_bw_sweep_20261004/shared_kv_s131071_bw368GBps_profiler.json	ae/figure5/ijkl/qwen_decode_sharedkv_kv1b_act0775_newcode_bw_sweep_20261004/shared_kv_s131071_bw368GBps_gemm.csv	ae/figure5/ijkl/qwen_decode_sharedkv_kv1b_act0775_newcode_bw_sweep_20261004/shared_kv_s131071_bw368GBps_sim.csv
shared_kv_decode_act0775	131071	131071	568	0.775	ae/figure5/ijkl/qwen_decode_sharedkv_kv1b_act0775_newcode_bw_sweep_20261004/shared_kv_s131071_bw568GBps.log	ae/figure5/ijkl/qwen_decode_sharedkv_kv1b_act0775_newcode_bw_sweep_20261004/shared_kv_s131071_bw568GBps_profiler.json	ae/figure5/ijkl/qwen_decode_sharedkv_kv1b_act0775_newcode_bw_sweep_20261004/shared_kv_s131071_bw568GBps_gemm.csv	ae/figure5/ijkl/qwen_decode_sharedkv_kv1b_act0775_newcode_bw_sweep_20261004/shared_kv_s131071_bw568GBps_sim.csv
shared_kv_decode_act0775	131071	131071	768	0.775	ae/figure5/ijkl/qwen_decode_sharedkv_kv1b_act0775_newcode_bw_sweep_20261004/shared_kv_s131071_bw768GBps.log	ae/figure5/ijkl/qwen_decode_sharedkv_kv1b_act0775_newcode_bw_sweep_20261004/shared_kv_s131071_bw768GBps_profiler.json	ae/figure5/ijkl/qwen_decode_sharedkv_kv1b_act0775_newcode_bw_sweep_20261004/shared_kv_s131071_bw768GBps_gemm.csv	ae/figure5/ijkl/qwen_decode_sharedkv_kv1b_act0775_newcode_bw_sweep_20261004/shared_kv_s131071_bw768GBps_sim.csv
shared_kv_decode_act0775	8191	8191	46	0.775	ae/figure5/ijkl/qwen_decode_sharedkv_kv1b_act0775_newcode_bw_sweep_20261004/shared_kv_s8191_bw46GBps.log	ae/figure5/ijkl/qwen_decode_sharedkv_kv1b_act0775_newcode_bw_sweep_20261004/shared_kv_s8191_bw46GBps_profiler.json	ae/figure5/ijkl/qwen_decode_sharedkv_kv1b_act0775_newcode_bw_sweep_20261004/shared_kv_s8191_bw46GBps_gemm.csv	ae/figure5/ijkl/qwen_decode_sharedkv_kv1b_act0775_newcode_bw_sweep_20261004/shared_kv_s8191_bw46GBps_sim.csv
shared_kv_decode_act0775	16383	16383	46	0.775	ae/figure5/ijkl/qwen_decode_sharedkv_kv1b_act0775_newcode_bw_sweep_20261004/shared_kv_s16383_bw46GBps.log	ae/figure5/ijkl/qwen_decode_sharedkv_kv1b_act0775_newcode_bw_sweep_20261004/shared_kv_s16383_bw46GBps_profiler.json	ae/figure5/ijkl/qwen_decode_sharedkv_kv1b_act0775_newcode_bw_sweep_20261004/shared_kv_s16383_bw46GBps_gemm.csv	ae/figure5/ijkl/qwen_decode_sharedkv_kv1b_act0775_newcode_bw_sweep_20261004/shared_kv_s16383_bw46GBps_sim.csv
shared_kv_decode_act0775	32767	32767	46	0.775	ae/figure5/ijkl/qwen_decode_sharedkv_kv1b_act0775_newcode_bw_sweep_20261004/shared_kv_s32767_bw46GBps.log	ae/figure5/ijkl/qwen_decode_sharedkv_kv1b_act0775_newcode_bw_sweep_20261004/shared_kv_s32767_bw46GBps_profiler.json	ae/figure5/ijkl/qwen_decode_sharedkv_kv1b_act0775_newcode_bw_sweep_20261004/shared_kv_s32767_bw46GBps_gemm.csv	ae/figure5/ijkl/qwen_decode_sharedkv_kv1b_act0775_newcode_bw_sweep_20261004/shared_kv_s32767_bw46GBps_sim.csv
shared_kv_decode_act0775	65535	65535	46	0.775	ae/figure5/ijkl/qwen_decode_sharedkv_kv1b_act0775_newcode_bw_sweep_20261004/shared_kv_s65535_bw46GBps.log	ae/figure5/ijkl/qwen_decode_sharedkv_kv1b_act0775_newcode_bw_sweep_20261004/shared_kv_s65535_bw46GBps_profiler.json	ae/figure5/ijkl/qwen_decode_sharedkv_kv1b_act0775_newcode_bw_sweep_20261004/shared_kv_s65535_bw46GBps_gemm.csv	ae/figure5/ijkl/qwen_decode_sharedkv_kv1b_act0775_newcode_bw_sweep_20261004/shared_kv_s65535_bw46GBps_sim.csv
shared_kv_decode_act0775	131071	131071	46	0.775	ae/figure5/ijkl/qwen_decode_sharedkv_kv1b_act0775_newcode_bw_sweep_20261004/shared_kv_s131071_bw46GBps.log	ae/figure5/ijkl/qwen_decode_sharedkv_kv1b_act0775_newcode_bw_sweep_20261004/shared_kv_s131071_bw46GBps_profiler.json	ae/figure5/ijkl/qwen_decode_sharedkv_kv1b_act0775_newcode_bw_sweep_20261004/shared_kv_s131071_bw46GBps_gemm.csv	ae/figure5/ijkl/qwen_decode_sharedkv_kv1b_act0775_newcode_bw_sweep_20261004/shared_kv_s131071_bw46GBps_sim.csv
