mode	s	kvlength	bandwidth_GBps	activation_bytes	op	M	N	K	flop_count	profiler_strategy	effective_scale	is_kv_cache_op	hbm_weight_read_bytes	cim_weight_write_bytes	hbm_activation_read_bytes	dram_read_bytes	dram_write_bytes	K_factor	M_factor	N_factor	tile_L2	tile_L1	loop_order	double_buffering	total_latency_cycles	compute_latency_cycles	dram_latency_cycles	compute_ratio	tops
shared_kv_decode_act0775	8191	8191	368	0.775	Q_mul_K	5	8192	128	83886080	shared-kv-serialized	8	True	8388608	8388608	3968	8392576	327680	1	1	16	5x768x128	5x768x128	knm	True	25184	968	23784	0.0384	3.3309
shared_kv_decode_act0775	8191	8191	368	0.775	A_mul_V	5	128	8192	83886080	shared-kv-serialized	8	True	8388608	8388608	253952	8642560	5120	5	1	3	5x128x5120	5x128x5120	knm	True	29432	5808	23512	0.1973	2.8502
shared_kv_decode_act0775	8191	8191	368	0.775	H_matmul0	1	5120	5120	52428800	N/A	1	False	26214400	26214400	3968	26218368	5120	1	1	16	1x768x1024	1x768x1024	knm	True	72659	1330	71294	0.0183	0.7216
shared_kv_decode_act0775	8191	8191	368	0.775	Q_proj	1	5120	5120	52428800	N/A	1	False	26214400	26214400	3968	26218368	5120	1	1	16	1x768x1024	1x768x1024	knm	True	71889	560	71294	0.0078	0.7293
shared_kv_decode_act0775	8191	8191	368	0.775	K_proj	1	1024	5120	10485760	N/A	1	False	5242880	5242880	3968	5246848	1024	5	1	3	1x144x5120	1x144x5120	knm	True	14409	128	14265	0.0089	0.7277
shared_kv_decode_act0775	8191	8191	368	0.775	V_proj	1	1024	5120	10485760	N/A	1	False	5242880	5242880	3968	5246848	1024	5	1	3	1x144x5120	1x144x5120	knm	True	14409	128	14265	0.0089	0.7277
shared_kv_decode_act0775	8191	8191	368	0.775	Gate_proj	1	13824	5120	141557760	N/A	1	False	70778880	70778880	3968	70782848	13824	1	1	16	1x768x1024	1x768x1024	knm	True	195533	2970	192473	0.0152	0.724
shared_kv_decode_act0775	8191	8191	368	0.775	Up_proj	1	13824	5120	141557760	N/A	1	False	70778880	70778880	3968	70782848	13824	1	1	16	1x768x1024	1x768x1024	knm	True	195533	2970	192473	0.0152	0.724
shared_kv_decode_act0775	8191	8191	368	0.775	Down_proj	1	5120	13824	141557760	N/A	1	False	70778880	70778880	10714	70789594	5120	2	1	8	1x384x2048	1x384x2048	knm	True	194032	1372	192464	0.0071	0.7296
shared_kv_decode_act0775	8191	8191	568	0.775	Q_mul_K	5	8192	128	83886080	shared-kv-serialized	8	True	8388608	8388608	3968	8392576	327680	1	1	16	5x768x128	5x768x128	knm	True	16840	968	15440	0.0575	4.9814
shared_kv_decode_act0775	8191	8191	568	0.775	A_mul_V	5	128	8192	83886080	shared-kv-serialized	8	True	8388608	8388608	253952	8642560	5120	5	1	3	5x128x5120	5x128x5120	knm	True	21160	5808	15240	0.2745	3.9644
shared_kv_decode_act0775	8191	8191	568	0.775	H_matmul0	1	5120	5120	52428800	N/A	1	False	26214400	26214400	3968	26218368	5120	1	1	16	1x768x1024	1x768x1024	knm	True	47555	1330	46190	0.028	1.1025
shared_kv_decode_act0775	8191	8191	568	0.775	Q_proj	1	5120	5120	52428800	N/A	1	False	26214400	26214400	3968	26218368	5120	1	1	16	1x768x1024	1x768x1024	knm	True	46785	560	46190	0.012	1.1206
shared_kv_decode_act0775	8191	8191	568	0.775	K_proj	1	1024	5120	10485760	N/A	1	False	5242880	5242880	3968	5246848	1024	5	1	3	1x144x5120	1x144x5120	knm	True	9391	128	9247	0.0136	1.1166
shared_kv_decode_act0775	8191	8191	568	0.775	V_proj	1	1024	5120	10485760	N/A	1	False	5242880	5242880	3968	5246848	1024	5	1	3	1x144x5120	1x144x5120	knm	True	9391	128	9247	0.0136	1.1166
shared_kv_decode_act0775	8191	8191	568	0.775	Gate_proj	1	13824	5120	141557760	N/A	1	False	70778880	70778880	3968	70782848	13824	1	1	16	1x768x1024	1x768x1024	knm	True	127745	2970	124685	0.0232	1.1081
shared_kv_decode_act0775	8191	8191	568	0.775	Up_proj	1	13824	5120	141557760	N/A	1	False	70778880	70778880	3968	70782848	13824	1	1	16	1x768x1024	1x768x1024	knm	True	127745	2970	124685	0.0232	1.1081
shared_kv_decode_act0775	8191	8191	568	0.775	Down_proj	1	5120	13824	141557760	N/A	1	False	70778880	70778880	10714	70789594	5120	2	1	8	1x384x2048	1x384x2048	knm	True	126255	1372	124687	0.0109	1.1212
shared_kv_decode_act0775	8191	8191	768	0.775	Q_mul_K	5	8192	128	83886080	shared-kv-serialized	8	True	8388608	8388608	3968	8392576	327680	1	1	16	5x768x128	5x768x128	knm	True	12768	968	11368	0.0758	6.57
shared_kv_decode_act0775	8191	8191	768	0.775	A_mul_V	5	128	8192	83886080	shared-kv-serialized	8	True	8388608	8388608	253952	8642560	5120	5	1	3	5x128x5120	5x128x5120	knm	True	17192	5808	11272	0.3378	4.8794
shared_kv_decode_act0775	8191	8191	768	0.775	H_matmul0	1	5120	5120	52428800	N/A	1	False	26214400	26214400	3968	26218368	5120	1	1	16	1x768x1024	1x768x1024	knm	True	35517	1330	34152	0.0374	1.4762
shared_kv_decode_act0775	8191	8191	768	0.775	Q_proj	1	5120	5120	52428800	N/A	1	False	26214400	26214400	3968	26218368	5120	1	1	16	1x768x1024	1x768x1024	knm	True	34747	560	34152	0.0161	1.5089
shared_kv_decode_act0775	8191	8191	768	0.775	K_proj	1	1024	5120	10485760	N/A	1	False	5242880	5242880	3968	5246848	1024	5	1	3	1x144x5120	1x144x5120	knm	True	6979	128	6835	0.0183	1.5025
shared_kv_decode_act0775	8191	8191	768	0.775	V_proj	1	1024	5120	10485760	N/A	1	False	5242880	5242880	3968	5246848	1024	5	1	3	1x144x5120	1x144x5120	knm	True	6979	128	6835	0.0183	1.5025
shared_kv_decode_act0775	8191	8191	768	0.775	Gate_proj	1	13824	5120	141557760	N/A	1	False	70778880	70778880	3968	70782848	13824	1	1	16	1x768x1024	1x768x1024	knm	True	95248	2970	92188	0.0312	1.4862
shared_kv_decode_act0775	8191	8191	768	0.775	Up_proj	1	13824	5120	141557760	N/A	1	False	70778880	70778880	3968	70782848	13824	1	1	16	1x768x1024	1x768x1024	knm	True	95248	2970	92188	0.0312	1.4862
shared_kv_decode_act0775	8191	8191	768	0.775	Down_proj	1	5120	13824	141557760	N/A	1	False	70778880	70778880	10714	70789594	5120	2	1	8	1x384x2048	1x384x2048	knm	True	93759	1372	92191	0.0146	1.5098
shared_kv_decode_act0775	16383	16383	368	0.775	Q_mul_K	5	16384	128	167772160	shared-kv-serialized	8	True	16777216	16777216	3968	16781184	655360	1	1	16	5x768x128	5x768x128	knm	True	50336	1936	47544	0.0385	3.333
shared_kv_decode_act0775	16383	16383	368	0.775	A_mul_V	5	128	16384	167772160	shared-kv-serialized	8	True	16777216	16777216	507904	17285120	5120	16	1	1	5x48x16384	5x48x16384	knm	True	55944	8712	47008	0.1557	2.9989
shared_kv_decode_act0775	16383	16383	368	0.775	H_matmul0	1	5120	5120	52428800	N/A	1	False	26214400	26214400	3968	26218368	5120	1	1	16	1x768x1024	1x768x1024	knm	True	72659	1330	71294	0.0183	0.7216
shared_kv_decode_act0775	16383	16383	368	0.775	Q_proj	1	5120	5120	52428800	N/A	1	False	26214400	26214400	3968	26218368	5120	1	1	16	1x768x1024	1x768x1024	knm	True	71889	560	71294	0.0078	0.7293
shared_kv_decode_act0775	16383	16383	368	0.775	K_proj	1	1024	5120	10485760	N/A	1	False	5242880	5242880	3968	5246848	1024	5	1	3	1x144x5120	1x144x5120	knm	True	14409	128	14265	0.0089	0.7277
shared_kv_decode_act0775	16383	16383	368	0.775	V_proj	1	1024	5120	10485760	N/A	1	False	5242880	5242880	3968	5246848	1024	5	1	3	1x144x5120	1x144x5120	knm	True	14409	128	14265	0.0089	0.7277
shared_kv_decode_act0775	16383	16383	368	0.775	Gate_proj	1	13824	5120	141557760	N/A	1	False	70778880	70778880	3968	70782848	13824	1	1	16	1x768x1024	1x768x1024	knm	True	195533	2970	192473	0.0152	0.724
shared_kv_decode_act0775	16383	16383	368	0.775	Up_proj	1	13824	5120	141557760	N/A	1	False	70778880	70778880	3968	70782848	13824	1	1	16	1x768x1024	1x768x1024	knm	True	195533	2970	192473	0.0152	0.724
shared_kv_decode_act0775	16383	16383	368	0.775	Down_proj	1	5120	13824	141557760	N/A	1	False	70778880	70778880	10714	70789594	5120	2	1	8	1x384x2048	1x384x2048	knm	True	194032	1372	192464	0.0071	0.7296
shared_kv_decode_act0775	16383	16383	568	0.775	Q_mul_K	5	16384	128	167772160	shared-kv-serialized	8	True	16777216	16777216	3968	16781184	655360	1	1	16	5x768x128	5x768x128	knm	True	33656	1936	30864	0.0575	4.9849
shared_kv_decode_act0775	16383	16383	568	0.775	A_mul_V	5	128	16384	167772160	shared-kv-serialized	8	True	16777216	16777216	507904	17285120	5120	16	1	1	5x48x16384	5x48x16384	knm	True	39400	8712	30464	0.2211	4.2582
shared_kv_decode_act0775	16383	16383	568	0.775	H_matmul0	1	5120	5120	52428800	N/A	1	False	26214400	26214400	3968	26218368	5120	1	1	16	1x768x1024	1x768x1024	knm	True	47555	1330	46190	0.028	1.1025
shared_kv_decode_act0775	16383	16383	568	0.775	Q_proj	1	5120	5120	52428800	N/A	1	False	26214400	26214400	3968	26218368	5120	1	1	16	1x768x1024	1x768x1024	knm	True	46785	560	46190	0.012	1.1206
shared_kv_decode_act0775	16383	16383	568	0.775	K_proj	1	1024	5120	10485760	N/A	1	False	5242880	5242880	3968	5246848	1024	5	1	3	1x144x5120	1x144x5120	knm	True	9391	128	9247	0.0136	1.1166
shared_kv_decode_act0775	16383	16383	568	0.775	V_proj	1	1024	5120	10485760	N/A	1	False	5242880	5242880	3968	5246848	1024	5	1	3	1x144x5120	1x144x5120	knm	True	9391	128	9247	0.0136	1.1166
shared_kv_decode_act0775	16383	16383	568	0.775	Gate_proj	1	13824	5120	141557760	N/A	1	False	70778880	70778880	3968	70782848	13824	1	1	16	1x768x1024	1x768x1024	knm	True	127745	2970	124685	0.0232	1.1081
shared_kv_decode_act0775	16383	16383	568	0.775	Up_proj	1	13824	5120	141557760	N/A	1	False	70778880	70778880	3968	70782848	13824	1	1	16	1x768x1024	1x768x1024	knm	True	127745	2970	124685	0.0232	1.1081
shared_kv_decode_act0775	16383	16383	568	0.775	Down_proj	1	5120	13824	141557760	N/A	1	False	70778880	70778880	10714	70789594	5120	2	1	8	1x384x2048	1x384x2048	knm	True	126255	1372	124687	0.0109	1.1212
shared_kv_decode_act0775	16383	16383	768	0.775	Q_mul_K	5	16384	128	167772160	shared-kv-serialized	8	True	16777216	16777216	3968	16781184	655360	1	1	16	5x768x128	5x768x128	knm	True	25504	1936	22712	0.0759	6.5783
shared_kv_decode_act0775	16383	16383	768	0.775	A_mul_V	5	128	16384	167772160	shared-kv-serialized	8	True	16777216	16777216	507904	17285120	5120	16	1	1	5x48x16384	5x48x16384	knm	True	31456	8712	22520	0.277	5.3336
shared_kv_decode_act0775	16383	16383	768	0.775	H_matmul0	1	5120	5120	52428800	N/A	1	False	26214400	26214400	3968	26218368	5120	1	1	16	1x768x1024	1x768x1024	knm	True	35517	1330	34152	0.0374	1.4762
shared_kv_decode_act0775	16383	16383	768	0.775	Q_proj	1	5120	5120	52428800	N/A	1	False	26214400	26214400	3968	26218368	5120	1	1	16	1x768x1024	1x768x1024	knm	True	34747	560	34152	0.0161	1.5089
shared_kv_decode_act0775	16383	16383	768	0.775	K_proj	1	1024	5120	10485760	N/A	1	False	5242880	5242880	3968	5246848	1024	5	1	3	1x144x5120	1x144x5120	knm	True	6979	128	6835	0.0183	1.5025
shared_kv_decode_act0775	16383	16383	768	0.775	V_proj	1	1024	5120	10485760	N/A	1	False	5242880	5242880	3968	5246848	1024	5	1	3	1x144x5120	1x144x5120	knm	True	6979	128	6835	0.0183	1.5025
shared_kv_decode_act0775	16383	16383	768	0.775	Gate_proj	1	13824	5120	141557760	N/A	1	False	70778880	70778880	3968	70782848	13824	1	1	16	1x768x1024	1x768x1024	knm	True	95248	2970	92188	0.0312	1.4862
shared_kv_decode_act0775	16383	16383	768	0.775	Up_proj	1	13824	5120	141557760	N/A	1	False	70778880	70778880	3968	70782848	13824	1	1	16	1x768x1024	1x768x1024	knm	True	95248	2970	92188	0.0312	1.4862
shared_kv_decode_act0775	16383	16383	768	0.775	Down_proj	1	5120	13824	141557760	N/A	1	False	70778880	70778880	10714	70789594	5120	2	1	8	1x384x2048	1x384x2048	knm	True	93759	1372	92191	0.0146	1.5098
shared_kv_decode_act0775	32767	32767	368	0.775	Q_mul_K	5	32768	128	335544320	shared-kv-serialized	8	True	33554432	33554432	3968	33558400	1310720	1	1	16	5x768x128	5x768x128	knm	True	100560	3784	95064	0.0376	3.3368
shared_kv_decode_act0775	32767	32767	368	0.775	A_mul_V	5	128	32768	335544320	shared-kv-serialized	8	True	33554432	33554432	1015808	34570240	5120	16	1	1	5x48x16384	5x48x16384	knm	True	111872	17424	94000	0.1557	2.9994
shared_kv_decode_act0775	32767	32767	368	0.775	H_matmul0	1	5120	5120	52428800	N/A	1	False	26214400	26214400	3968	26218368	5120	1	1	16	1x768x1024	1x768x1024	knm	True	72659	1330	71294	0.0183	0.7216
shared_kv_decode_act0775	32767	32767	368	0.775	Q_proj	1	5120	5120	52428800	N/A	1	False	26214400	26214400	3968	26218368	5120	1	1	16	1x768x1024	1x768x1024	knm	True	71889	560	71294	0.0078	0.7293
shared_kv_decode_act0775	32767	32767	368	0.775	K_proj	1	1024	5120	10485760	N/A	1	False	5242880	5242880	3968	5246848	1024	5	1	3	1x144x5120	1x144x5120	knm	True	14409	128	14265	0.0089	0.7277
shared_kv_decode_act0775	32767	32767	368	0.775	V_proj	1	1024	5120	10485760	N/A	1	False	5242880	5242880	3968	5246848	1024	5	1	3	1x144x5120	1x144x5120	knm	True	14409	128	14265	0.0089	0.7277
shared_kv_decode_act0775	32767	32767	368	0.775	Gate_proj	1	13824	5120	141557760	N/A	1	False	70778880	70778880	3968	70782848	13824	1	1	16	1x768x1024	1x768x1024	knm	True	195533	2970	192473	0.0152	0.724
shared_kv_decode_act0775	32767	32767	368	0.775	Up_proj	1	13824	5120	141557760	N/A	1	False	70778880	70778880	3968	70782848	13824	1	1	16	1x768x1024	1x768x1024	knm	True	195533	2970	192473	0.0152	0.724
shared_kv_decode_act0775	32767	32767	368	0.775	Down_proj	1	5120	13824	141557760	N/A	1	False	70778880	70778880	10714	70789594	5120	2	1	8	1x384x2048	1x384x2048	knm	True	194032	1372	192464	0.0071	0.7296
shared_kv_decode_act0775	32767	32767	568	0.775	Q_mul_K	5	32768	128	335544320	shared-kv-serialized	8	True	33554432	33554432	3968	33558400	1310720	1	1	16	5x768x128	5x768x128	knm	True	67208	3784	61712	0.0563	4.9926
shared_kv_decode_act0775	32767	32767	568	0.775	A_mul_V	5	128	32768	335544320	shared-kv-serialized	8	True	33554432	33554432	1015808	34570240	5120	16	1	1	5x48x16384	5x48x16384	knm	True	78784	17424	60912	0.2212	4.259
shared_kv_decode_act0775	32767	32767	568	0.775	H_matmul0	1	5120	5120	52428800	N/A	1	False	26214400	26214400	3968	26218368	5120	1	1	16	1x768x1024	1x768x1024	knm	True	47555	1330	46190	0.028	1.1025
shared_kv_decode_act0775	32767	32767	568	0.775	Q_proj	1	5120	5120	52428800	N/A	1	False	26214400	26214400	3968	26218368	5120	1	1	16	1x768x1024	1x768x1024	knm	True	46785	560	46190	0.012	1.1206
shared_kv_decode_act0775	32767	32767	568	0.775	K_proj	1	1024	5120	10485760	N/A	1	False	5242880	5242880	3968	5246848	1024	5	1	3	1x144x5120	1x144x5120	knm	True	9391	128	9247	0.0136	1.1166
shared_kv_decode_act0775	32767	32767	568	0.775	V_proj	1	1024	5120	10485760	N/A	1	False	5242880	5242880	3968	5246848	1024	5	1	3	1x144x5120	1x144x5120	knm	True	9391	128	9247	0.0136	1.1166
shared_kv_decode_act0775	32767	32767	568	0.775	Gate_proj	1	13824	5120	141557760	N/A	1	False	70778880	70778880	3968	70782848	13824	1	1	16	1x768x1024	1x768x1024	knm	True	127745	2970	124685	0.0232	1.1081
shared_kv_decode_act0775	32767	32767	568	0.775	Up_proj	1	13824	5120	141557760	N/A	1	False	70778880	70778880	3968	70782848	13824	1	1	16	1x768x1024	1x768x1024	knm	True	127745	2970	124685	0.0232	1.1081
shared_kv_decode_act0775	32767	32767	568	0.775	Down_proj	1	5120	13824	141557760	N/A	1	False	70778880	70778880	10714	70789594	5120	2	1	8	1x384x2048	1x384x2048	knm	True	126255	1372	124687	0.0109	1.1212
shared_kv_decode_act0775	32767	32767	768	0.775	Q_mul_K	5	32768	128	335544320	shared-kv-serialized	8	True	33554432	33554432	3968	33558400	1310720	1	1	16	5x768x128	5x768x128	knm	True	50912	3784	45416	0.0743	6.5907
shared_kv_decode_act0775	32767	32767	768	0.775	A_mul_V	5	128	32768	335544320	shared-kv-serialized	8	True	33554432	33554432	1015808	34570240	5120	16	1	1	5x48x16384	5x48x16384	knm	True	62904	17424	45032	0.277	5.3342
shared_kv_decode_act0775	32767	32767	768	0.775	H_matmul0	1	5120	5120	52428800	N/A	1	False	26214400	26214400	3968	26218368	5120	1	1	16	1x768x1024	1x768x1024	knm	True	35517	1330	34152	0.0374	1.4762
shared_kv_decode_act0775	32767	32767	768	0.775	Q_proj	1	5120	5120	52428800	N/A	1	False	26214400	26214400	3968	26218368	5120	1	1	16	1x768x1024	1x768x1024	knm	True	34747	560	34152	0.0161	1.5089
shared_kv_decode_act0775	32767	32767	768	0.775	K_proj	1	1024	5120	10485760	N/A	1	False	5242880	5242880	3968	5246848	1024	5	1	3	1x144x5120	1x144x5120	knm	True	6979	128	6835	0.0183	1.5025
shared_kv_decode_act0775	32767	32767	768	0.775	V_proj	1	1024	5120	10485760	N/A	1	False	5242880	5242880	3968	5246848	1024	5	1	3	1x144x5120	1x144x5120	knm	True	6979	128	6835	0.0183	1.5025
shared_kv_decode_act0775	32767	32767	768	0.775	Gate_proj	1	13824	5120	141557760	N/A	1	False	70778880	70778880	3968	70782848	13824	1	1	16	1x768x1024	1x768x1024	knm	True	95248	2970	92188	0.0312	1.4862
shared_kv_decode_act0775	32767	32767	768	0.775	Up_proj	1	13824	5120	141557760	N/A	1	False	70778880	70778880	3968	70782848	13824	1	1	16	1x768x1024	1x768x1024	knm	True	95248	2970	92188	0.0312	1.4862
shared_kv_decode_act0775	32767	32767	768	0.775	Down_proj	1	5120	13824	141557760	N/A	1	False	70778880	70778880	10714	70789594	5120	2	1	8	1x384x2048	1x384x2048	knm	True	93759	1372	92191	0.0146	1.5098
shared_kv_decode_act0775	65535	65535	368	0.775	Q_mul_K	5	65536	128	671088640	shared-kv-serialized	8	True	67108864	67108864	3968	67112832	2621440	1	1	16	5x768x128	5x768x128	knm	True	201088	7568	190104	0.0376	3.3373
shared_kv_decode_act0775	65535	65535	368	0.775	A_mul_V	5	128	65536	671088640	shared-kv-serialized	8	True	67108864	67108864	2031616	69140480	5120	16	1	1	5x48x16384	5x48x16384	knm	True	223728	34848	187984	0.1558	2.9996
shared_kv_decode_act0775	65535	65535	368	0.775	H_matmul0	1	5120	5120	52428800	N/A	1	False	26214400	26214400	3968	26218368	5120	1	1	16	1x768x1024	1x768x1024	knm	True	72659	1330	71294	0.0183	0.7216
shared_kv_decode_act0775	65535	65535	368	0.775	Q_proj	1	5120	5120	52428800	N/A	1	False	26214400	26214400	3968	26218368	5120	1	1	16	1x768x1024	1x768x1024	knm	True	71889	560	71294	0.0078	0.7293
shared_kv_decode_act0775	65535	65535	368	0.775	K_proj	1	1024	5120	10485760	N/A	1	False	5242880	5242880	3968	5246848	1024	5	1	3	1x144x5120	1x144x5120	knm	True	14409	128	14265	0.0089	0.7277
shared_kv_decode_act0775	65535	65535	368	0.775	V_proj	1	1024	5120	10485760	N/A	1	False	5242880	5242880	3968	5246848	1024	5	1	3	1x144x5120	1x144x5120	knm	True	14409	128	14265	0.0089	0.7277
shared_kv_decode_act0775	65535	65535	368	0.775	Gate_proj	1	13824	5120	141557760	N/A	1	False	70778880	70778880	3968	70782848	13824	1	1	16	1x768x1024	1x768x1024	knm	True	195533	2970	192473	0.0152	0.724
shared_kv_decode_act0775	65535	65535	368	0.775	Up_proj	1	13824	5120	141557760	N/A	1	False	70778880	70778880	3968	70782848	13824	1	1	16	1x768x1024	1x768x1024	knm	True	195533	2970	192473	0.0152	0.724
shared_kv_decode_act0775	65535	65535	368	0.775	Down_proj	1	5120	13824	141557760	N/A	1	False	70778880	70778880	10714	70789594	5120	2	1	8	1x384x2048	1x384x2048	knm	True	194032	1372	192464	0.0071	0.7296
shared_kv_decode_act0775	65535	65535	568	0.775	Q_mul_K	5	65536	128	671088640	shared-kv-serialized	8	True	67108864	67108864	3968	67112832	2621440	1	1	16	5x768x128	5x768x128	knm	True	134392	7568	123408	0.0563	4.9935
shared_kv_decode_act0775	65535	65535	568	0.775	A_mul_V	5	128	65536	671088640	shared-kv-serialized	8	True	67108864	67108864	2031616	69140480	5120	16	1	1	5x48x16384	5x48x16384	knm	True	157552	34848	121808	0.2212	4.2595
shared_kv_decode_act0775	65535	65535	568	0.775	H_matmul0	1	5120	5120	52428800	N/A	1	False	26214400	26214400	3968	26218368	5120	1	1	16	1x768x1024	1x768x1024	knm	True	47555	1330	46190	0.028	1.1025
shared_kv_decode_act0775	65535	65535	568	0.775	Q_proj	1	5120	5120	52428800	N/A	1	False	26214400	26214400	3968	26218368	5120	1	1	16	1x768x1024	1x768x1024	knm	True	46785	560	46190	0.012	1.1206
shared_kv_decode_act0775	65535	65535	568	0.775	K_proj	1	1024	5120	10485760	N/A	1	False	5242880	5242880	3968	5246848	1024	5	1	3	1x144x5120	1x144x5120	knm	True	9391	128	9247	0.0136	1.1166
shared_kv_decode_act0775	65535	65535	568	0.775	V_proj	1	1024	5120	10485760	N/A	1	False	5242880	5242880	3968	5246848	1024	5	1	3	1x144x5120	1x144x5120	knm	True	9391	128	9247	0.0136	1.1166
shared_kv_decode_act0775	65535	65535	568	0.775	Gate_proj	1	13824	5120	141557760	N/A	1	False	70778880	70778880	3968	70782848	13824	1	1	16	1x768x1024	1x768x1024	knm	True	127745	2970	124685	0.0232	1.1081
shared_kv_decode_act0775	65535	65535	568	0.775	Up_proj	1	13824	5120	141557760	N/A	1	False	70778880	70778880	3968	70782848	13824	1	1	16	1x768x1024	1x768x1024	knm	True	127745	2970	124685	0.0232	1.1081
shared_kv_decode_act0775	65535	65535	568	0.775	Down_proj	1	5120	13824	141557760	N/A	1	False	70778880	70778880	10714	70789594	5120	2	1	8	1x384x2048	1x384x2048	knm	True	126255	1372	124687	0.0109	1.1212
shared_kv_decode_act0775	65535	65535	768	0.775	Q_mul_K	5	65536	128	671088640	shared-kv-serialized	8	True	67108864	67108864	3968	67112832	2621440	1	1	16	5x768x128	5x768x128	knm	True	101792	7568	90808	0.0743	6.5927
shared_kv_decode_act0775	65535	65535	768	0.775	A_mul_V	5	128	65536	671088640	shared-kv-serialized	8	True	67108864	67108864	2031616	69140480	5120	16	1	1	5x48x16384	5x48x16384	knm	True	125800	34848	90056	0.277	5.3346
shared_kv_decode_act0775	65535	65535	768	0.775	H_matmul0	1	5120	5120	52428800	N/A	1	False	26214400	26214400	3968	26218368	5120	1	1	16	1x768x1024	1x768x1024	knm	True	35517	1330	34152	0.0374	1.4762
shared_kv_decode_act0775	65535	65535	768	0.775	Q_proj	1	5120	5120	52428800	N/A	1	False	26214400	26214400	3968	26218368	5120	1	1	16	1x768x1024	1x768x1024	knm	True	34747	560	34152	0.0161	1.5089
shared_kv_decode_act0775	65535	65535	768	0.775	K_proj	1	1024	5120	10485760	N/A	1	False	5242880	5242880	3968	5246848	1024	5	1	3	1x144x5120	1x144x5120	knm	True	6979	128	6835	0.0183	1.5025
shared_kv_decode_act0775	65535	65535	768	0.775	V_proj	1	1024	5120	10485760	N/A	1	False	5242880	5242880	3968	5246848	1024	5	1	3	1x144x5120	1x144x5120	knm	True	6979	128	6835	0.0183	1.5025
shared_kv_decode_act0775	65535	65535	768	0.775	Gate_proj	1	13824	5120	141557760	N/A	1	False	70778880	70778880	3968	70782848	13824	1	1	16	1x768x1024	1x768x1024	knm	True	95248	2970	92188	0.0312	1.4862
shared_kv_decode_act0775	65535	65535	768	0.775	Up_proj	1	13824	5120	141557760	N/A	1	False	70778880	70778880	3968	70782848	13824	1	1	16	1x768x1024	1x768x1024	knm	True	95248	2970	92188	0.0312	1.4862
shared_kv_decode_act0775	65535	65535	768	0.775	Down_proj	1	5120	13824	141557760	N/A	1	False	70778880	70778880	10714	70789594	5120	2	1	8	1x384x2048	1x384x2048	knm	True	93759	1372	92191	0.0146	1.5098
shared_kv_decode_act0775	131071	131071	368	0.775	Q_mul_K	5	131072	128	1342177280	shared-kv-serialized	8	True	134217728	134217728	3968	134221696	5242880	1	1	16	5x768x128	5x768x128	knm	True	402056	15048	380176	0.0374	3.3383
shared_kv_decode_act0775	131071	131071	368	0.775	A_mul_V	5	128	131072	1342177280	shared-kv-serialized	8	True	134217728	134217728	4063232	138280960	5120	16	1	1	5x48x16384	5x48x16384	knm	True	447440	69696	375952	0.1558	2.9997
shared_kv_decode_act0775	131071	131071	368	0.775	H_matmul0	1	5120	5120	52428800	N/A	1	False	26214400	26214400	3968	26218368	5120	1	1	16	1x768x1024	1x768x1024	knm	True	72659	1330	71294	0.0183	0.7216
shared_kv_decode_act0775	131071	131071	368	0.775	Q_proj	1	5120	5120	52428800	N/A	1	False	26214400	26214400	3968	26218368	5120	1	1	16	1x768x1024	1x768x1024	knm	True	71889	560	71294	0.0078	0.7293
shared_kv_decode_act0775	131071	131071	368	0.775	K_proj	1	1024	5120	10485760	N/A	1	False	5242880	5242880	3968	5246848	1024	5	1	3	1x144x5120	1x144x5120	knm	True	14409	128	14265	0.0089	0.7277
shared_kv_decode_act0775	131071	131071	368	0.775	V_proj	1	1024	5120	10485760	N/A	1	False	5242880	5242880	3968	5246848	1024	5	1	3	1x144x5120	1x144x5120	knm	True	14409	128	14265	0.0089	0.7277
shared_kv_decode_act0775	131071	131071	368	0.775	Gate_proj	1	13824	5120	141557760	N/A	1	False	70778880	70778880	3968	70782848	13824	1	1	16	1x768x1024	1x768x1024	knm	True	195533	2970	192473	0.0152	0.724
shared_kv_decode_act0775	131071	131071	368	0.775	Up_proj	1	13824	5120	141557760	N/A	1	False	70778880	70778880	3968	70782848	13824	1	1	16	1x768x1024	1x768x1024	knm	True	195533	2970	192473	0.0152	0.724
shared_kv_decode_act0775	131071	131071	368	0.775	Down_proj	1	5120	13824	141557760	N/A	1	False	70778880	70778880	10714	70789594	5120	2	1	8	1x384x2048	1x384x2048	knm	True	194032	1372	192464	0.0071	0.7296
shared_kv_decode_act0775	131071	131071	568	0.775	Q_mul_K	5	131072	128	1342177280	shared-kv-serialized	8	True	134217728	134217728	3968	134221696	5242880	1	1	16	5x768x128	5x768x128	knm	True	268688	15048	246808	0.056	4.9953
shared_kv_decode_act0775	131071	131071	568	0.775	A_mul_V	5	128	131072	1342177280	shared-kv-serialized	8	True	134217728	134217728	4063232	138280960	5120	16	1	1	5x48x16384	5x48x16384	knm	True	315088	69696	243600	0.2212	4.2597
shared_kv_decode_act0775	131071	131071	568	0.775	H_matmul0	1	5120	5120	52428800	N/A	1	False	26214400	26214400	3968	26218368	5120	1	1	16	1x768x1024	1x768x1024	knm	True	47555	1330	46190	0.028	1.1025
shared_kv_decode_act0775	131071	131071	568	0.775	Q_proj	1	5120	5120	52428800	N/A	1	False	26214400	26214400	3968	26218368	5120	1	1	16	1x768x1024	1x768x1024	knm	True	46785	560	46190	0.012	1.1206
shared_kv_decode_act0775	131071	131071	568	0.775	K_proj	1	1024	5120	10485760	N/A	1	False	5242880	5242880	3968	5246848	1024	5	1	3	1x144x5120	1x144x5120	knm	True	9391	128	9247	0.0136	1.1166
shared_kv_decode_act0775	131071	131071	568	0.775	V_proj	1	1024	5120	10485760	N/A	1	False	5242880	5242880	3968	5246848	1024	5	1	3	1x144x5120	1x144x5120	knm	True	9391	128	9247	0.0136	1.1166
shared_kv_decode_act0775	131071	131071	568	0.775	Gate_proj	1	13824	5120	141557760	N/A	1	False	70778880	70778880	3968	70782848	13824	1	1	16	1x768x1024	1x768x1024	knm	True	127745	2970	124685	0.0232	1.1081
shared_kv_decode_act0775	131071	131071	568	0.775	Up_proj	1	13824	5120	141557760	N/A	1	False	70778880	70778880	3968	70782848	13824	1	1	16	1x768x1024	1x768x1024	knm	True	127745	2970	124685	0.0232	1.1081
shared_kv_decode_act0775	131071	131071	568	0.775	Down_proj	1	5120	13824	141557760	N/A	1	False	70778880	70778880	10714	70789594	5120	2	1	8	1x384x2048	1x384x2048	knm	True	126255	1372	124687	0.0109	1.1212
shared_kv_decode_act0775	131071	131071	768	0.775	Q_mul_K	5	131072	128	1342177280	shared-kv-serialized	8	True	134217728	134217728	3968	134221696	5242880	1	1	16	5x768x128	5x768x128	knm	True	203488	15048	181608	0.074	6.5959
shared_kv_decode_act0775	131071	131071	768	0.775	A_mul_V	5	128	131072	1342177280	shared-kv-serialized	8	True	134217728	134217728	4063232	138280960	5120	16	1	1	5x48x16384	5x48x16384	knm	True	251592	69696	180104	0.277	5.3347
shared_kv_decode_act0775	131071	131071	768	0.775	H_matmul0	1	5120	5120	52428800	N/A	1	False	26214400	26214400	3968	26218368	5120	1	1	16	1x768x1024	1x768x1024	knm	True	35517	1330	34152	0.0374	1.4762
shared_kv_decode_act0775	131071	131071	768	0.775	Q_proj	1	5120	5120	52428800	N/A	1	False	26214400	26214400	3968	26218368	5120	1	1	16	1x768x1024	1x768x1024	knm	True	34747	560	34152	0.0161	1.5089
shared_kv_decode_act0775	131071	131071	768	0.775	K_proj	1	1024	5120	10485760	N/A	1	False	5242880	5242880	3968	5246848	1024	5	1	3	1x144x5120	1x144x5120	knm	True	6979	128	6835	0.0183	1.5025
shared_kv_decode_act0775	131071	131071	768	0.775	V_proj	1	1024	5120	10485760	N/A	1	False	5242880	5242880	3968	5246848	1024	5	1	3	1x144x5120	1x144x5120	knm	True	6979	128	6835	0.0183	1.5025
shared_kv_decode_act0775	131071	131071	768	0.775	Gate_proj	1	13824	5120	141557760	N/A	1	False	70778880	70778880	3968	70782848	13824	1	1	16	1x768x1024	1x768x1024	knm	True	95248	2970	92188	0.0312	1.4862
shared_kv_decode_act0775	131071	131071	768	0.775	Up_proj	1	13824	5120	141557760	N/A	1	False	70778880	70778880	3968	70782848	13824	1	1	16	1x768x1024	1x768x1024	knm	True	95248	2970	92188	0.0312	1.4862
shared_kv_decode_act0775	131071	131071	768	0.775	Down_proj	1	5120	13824	141557760	N/A	1	False	70778880	70778880	10714	70789594	5120	2	1	8	1x384x2048	1x384x2048	knm	True	93759	1372	92191	0.0146	1.5098
shared_kv_decode_act0775	8191	8191	46	0.775	Q_mul_K	5	8192	128	83886080	shared-kv-serialized	8	True	8388608	8388608	3968	8392576	327680	1	1	16	5x768x128	5x768x128	knm	True	191056	968	189656	0.0051	0.4391
shared_kv_decode_act0775	8191	8191	46	0.775	A_mul_V	5	128	8192	83886080	shared-kv-serialized	8	True	8388608	8388608	253952	8642560	5120	5	1	3	5x128x5120	5x128x5120	knm	True	193928	5808	188008	0.0299	0.4326
shared_kv_decode_act0775	8191	8191	46	0.775	H_matmul0	1	5120	5120	52428800	N/A	1	False	26214400	26214400	3968	26218368	5120	1	1	16	1x768x1024	1x768x1024	knm	True	571467	1330	570102	0.0023	0.0917
shared_kv_decode_act0775	8191	8191	46	0.775	Q_proj	1	5120	5120	52428800	N/A	1	False	26214400	26214400	3968	26218368	5120	1	1	16	1x768x1024	1x768x1024	knm	True	570697	560	570102	0.001	0.0919
shared_kv_decode_act0775	8191	8191	46	0.775	K_proj	1	1024	5120	10485760	N/A	1	False	5242880	5242880	3968	5246848	1024	5	1	3	1x144x5120	1x144x5120	knm	True	114231	128	114087	0.0011	0.0918
shared_kv_decode_act0775	8191	8191	46	0.775	V_proj	1	1024	5120	10485760	N/A	1	False	5242880	5242880	3968	5246848	1024	5	1	3	1x144x5120	1x144x5120	knm	True	114231	128	114087	0.0011	0.0918
shared_kv_decode_act0775	8191	8191	46	0.775	Gate_proj	1	13824	5120	141557760	N/A	1	False	70778880	70778880	3968	70782848	13824	1	1	16	1x768x1024	1x768x1024	knm	True	1542181	2970	1539121	0.0019	0.0918
shared_kv_decode_act0775	8191	8191	46	0.775	Up_proj	1	13824	5120	141557760	N/A	1	False	70778880	70778880	3968	70782848	13824	1	1	16	1x768x1024	1x768x1024	knm	True	1542181	2970	1539121	0.0019	0.0918
shared_kv_decode_act0775	8191	8191	46	0.775	Down_proj	1	5120	13824	141557760	N/A	1	False	70778880	70778880	10714	70789594	5120	2	1	8	1x384x2048	1x384x2048	knm	True	1540650	1372	1539082	0.0009	0.0919
shared_kv_decode_act0775	16383	16383	46	0.775	Q_mul_K	5	16384	128	167772160	shared-kv-serialized	8	True	16777216	16777216	3968	16781184	655360	1	1	16	5x768x128	5x768x128	knm	True	382016	1936	379224	0.0051	0.4392
shared_kv_decode_act0775	16383	16383	46	0.775	A_mul_V	5	128	16384	167772160	shared-kv-serialized	8	True	16777216	16777216	507904	17285120	5120	16	1	1	5x48x16384	5x48x16384	knm	True	384832	8712	375896	0.0226	0.436
shared_kv_decode_act0775	16383	16383	46	0.775	H_matmul0	1	5120	5120	52428800	N/A	1	False	26214400	26214400	3968	26218368	5120	1	1	16	1x768x1024	1x768x1024	knm	True	571467	1330	570102	0.0023	0.0917
shared_kv_decode_act0775	16383	16383	46	0.775	Q_proj	1	5120	5120	52428800	N/A	1	False	26214400	26214400	3968	26218368	5120	1	1	16	1x768x1024	1x768x1024	knm	True	570697	560	570102	0.001	0.0919
shared_kv_decode_act0775	16383	16383	46	0.775	K_proj	1	1024	5120	10485760	N/A	1	False	5242880	5242880	3968	5246848	1024	5	1	3	1x144x5120	1x144x5120	knm	True	114231	128	114087	0.0011	0.0918
shared_kv_decode_act0775	16383	16383	46	0.775	V_proj	1	1024	5120	10485760	N/A	1	False	5242880	5242880	3968	5246848	1024	5	1	3	1x144x5120	1x144x5120	knm	True	114231	128	114087	0.0011	0.0918
shared_kv_decode_act0775	16383	16383	46	0.775	Gate_proj	1	13824	5120	141557760	N/A	1	False	70778880	70778880	3968	70782848	13824	1	1	16	1x768x1024	1x768x1024	knm	True	1542181	2970	1539121	0.0019	0.0918
shared_kv_decode_act0775	16383	16383	46	0.775	Up_proj	1	13824	5120	141557760	N/A	1	False	70778880	70778880	3968	70782848	13824	1	1	16	1x768x1024	1x768x1024	knm	True	1542181	2970	1539121	0.0019	0.0918
shared_kv_decode_act0775	16383	16383	46	0.775	Down_proj	1	5120	13824	141557760	N/A	1	False	70778880	70778880	10714	70789594	5120	2	1	8	1x384x2048	1x384x2048	knm	True	1540650	1372	1539082	0.0009	0.0919
shared_kv_decode_act0775	32767	32767	46	0.775	Q_mul_K	5	32768	128	335544320	shared-kv-serialized	8	True	33554432	33554432	3968	33558400	1310720	1	1	16	5x768x128	5x768x128	knm	True	763848	3784	758352	0.005	0.4393
shared_kv_decode_act0775	32767	32767	46	0.775	A_mul_V	5	128	32768	335544320	shared-kv-serialized	8	True	33554432	33554432	1015808	34570240	5120	16	1	1	5x48x16384	5x48x16384	knm	True	769552	17424	751680	0.0226	0.436
shared_kv_decode_act0775	32767	32767	46	0.775	H_matmul0	1	5120	5120	52428800	N/A	1	False	26214400	26214400	3968	26218368	5120	1	1	16	1x768x1024	1x768x1024	knm	True	571467	1330	570102	0.0023	0.0917
shared_kv_decode_act0775	32767	32767	46	0.775	Q_proj	1	5120	5120	52428800	N/A	1	False	26214400	26214400	3968	26218368	5120	1	1	16	1x768x1024	1x768x1024	knm	True	570697	560	570102	0.001	0.0919
shared_kv_decode_act0775	32767	32767	46	0.775	K_proj	1	1024	5120	10485760	N/A	1	False	5242880	5242880	3968	5246848	1024	5	1	3	1x144x5120	1x144x5120	knm	True	114231	128	114087	0.0011	0.0918
shared_kv_decode_act0775	32767	32767	46	0.775	V_proj	1	1024	5120	10485760	N/A	1	False	5242880	5242880	3968	5246848	1024	5	1	3	1x144x5120	1x144x5120	knm	True	114231	128	114087	0.0011	0.0918
shared_kv_decode_act0775	32767	32767	46	0.775	Gate_proj	1	13824	5120	141557760	N/A	1	False	70778880	70778880	3968	70782848	13824	1	1	16	1x768x1024	1x768x1024	knm	True	1542181	2970	1539121	0.0019	0.0918
shared_kv_decode_act0775	32767	32767	46	0.775	Up_proj	1	13824	5120	141557760	N/A	1	False	70778880	70778880	3968	70782848	13824	1	1	16	1x768x1024	1x768x1024	knm	True	1542181	2970	1539121	0.0019	0.0918
shared_kv_decode_act0775	32767	32767	46	0.775	Down_proj	1	5120	13824	141557760	N/A	1	False	70778880	70778880	10714	70789594	5120	2	1	8	1x384x2048	1x384x2048	knm	True	1540650	1372	1539082	0.0009	0.0919
shared_kv_decode_act0775	65535	65535	46	0.775	Q_mul_K	5	65536	128	671088640	shared-kv-serialized	8	True	67108864	67108864	3968	67112832	2621440	1	1	16	5x768x128	5x768x128	knm	True	1527608	7568	1516624	0.005	0.4393
shared_kv_decode_act0775	65535	65535	46	0.775	A_mul_V	5	128	65536	671088640	shared-kv-serialized	8	True	67108864	67108864	2031616	69140480	5120	16	1	1	5x48x16384	5x48x16384	knm	True	1538992	34848	1503248	0.0226	0.4361
shared_kv_decode_act0775	65535	65535	46	0.775	H_matmul0	1	5120	5120	52428800	N/A	1	False	26214400	26214400	3968	26218368	5120	1	1	16	1x768x1024	1x768x1024	knm	True	571467	1330	570102	0.0023	0.0917
shared_kv_decode_act0775	65535	65535	46	0.775	Q_proj	1	5120	5120	52428800	N/A	1	False	26214400	26214400	3968	26218368	5120	1	1	16	1x768x1024	1x768x1024	knm	True	570697	560	570102	0.001	0.0919
shared_kv_decode_act0775	65535	65535	46	0.775	K_proj	1	1024	5120	10485760	N/A	1	False	5242880	5242880	3968	5246848	1024	5	1	3	1x144x5120	1x144x5120	knm	True	114231	128	114087	0.0011	0.0918
shared_kv_decode_act0775	65535	65535	46	0.775	V_proj	1	1024	5120	10485760	N/A	1	False	5242880	5242880	3968	5246848	1024	5	1	3	1x144x5120	1x144x5120	knm	True	114231	128	114087	0.0011	0.0918
shared_kv_decode_act0775	65535	65535	46	0.775	Gate_proj	1	13824	5120	141557760	N/A	1	False	70778880	70778880	3968	70782848	13824	1	1	16	1x768x1024	1x768x1024	knm	True	1542181	2970	1539121	0.0019	0.0918
shared_kv_decode_act0775	65535	65535	46	0.775	Up_proj	1	13824	5120	141557760	N/A	1	False	70778880	70778880	3968	70782848	13824	1	1	16	1x768x1024	1x768x1024	knm	True	1542181	2970	1539121	0.0019	0.0918
shared_kv_decode_act0775	65535	65535	46	0.775	Down_proj	1	5120	13824	141557760	N/A	1	False	70778880	70778880	10714	70789594	5120	2	1	8	1x384x2048	1x384x2048	knm	True	1540650	1372	1539082	0.0009	0.0919
shared_kv_decode_act0775	131071	131071	46	0.775	Q_mul_K	5	131072	128	1342177280	shared-kv-serialized	8	True	134217728	134217728	3968	134221696	5242880	1	1	16	5x768x128	5x768x128	knm	True	3055024	15048	3033144	0.0049	0.4393
shared_kv_decode_act0775	131071	131071	46	0.775	A_mul_V	5	128	131072	1342177280	shared-kv-serialized	8	True	134217728	134217728	4063232	138280960	5120	16	1	1	5x48x16384	5x48x16384	knm	True	3077872	69696	3006384	0.0226	0.4361
shared_kv_decode_act0775	131071	131071	46	0.775	H_matmul0	1	5120	5120	52428800	N/A	1	False	26214400	26214400	3968	26218368	5120	1	1	16	1x768x1024	1x768x1024	knm	True	571467	1330	570102	0.0023	0.0917
shared_kv_decode_act0775	131071	131071	46	0.775	Q_proj	1	5120	5120	52428800	N/A	1	False	26214400	26214400	3968	26218368	5120	1	1	16	1x768x1024	1x768x1024	knm	True	570697	560	570102	0.001	0.0919
shared_kv_decode_act0775	131071	131071	46	0.775	K_proj	1	1024	5120	10485760	N/A	1	False	5242880	5242880	3968	5246848	1024	5	1	3	1x144x5120	1x144x5120	knm	True	114231	128	114087	0.0011	0.0918
shared_kv_decode_act0775	131071	131071	46	0.775	V_proj	1	1024	5120	10485760	N/A	1	False	5242880	5242880	3968	5246848	1024	5	1	3	1x144x5120	1x144x5120	knm	True	114231	128	114087	0.0011	0.0918
shared_kv_decode_act0775	131071	131071	46	0.775	Gate_proj	1	13824	5120	141557760	N/A	1	False	70778880	70778880	3968	70782848	13824	1	1	16	1x768x1024	1x768x1024	knm	True	1542181	2970	1539121	0.0019	0.0918
shared_kv_decode_act0775	131071	131071	46	0.775	Up_proj	1	13824	5120	141557760	N/A	1	False	70778880	70778880	3968	70782848	13824	1	1	16	1x768x1024	1x768x1024	knm	True	1542181	2970	1539121	0.0019	0.0918
shared_kv_decode_act0775	131071	131071	46	0.775	Down_proj	1	5120	13824	141557760	N/A	1	False	70778880	70778880	10714	70789594	5120	2	1	8	1x384x2048	1x384x2048	knm	True	1540650	1372	1539082	0.0009	0.0919
