s	bandwidth_GBps	gemm_tpot_ms	tops	compute_ratio_percent	dram_read_GB	dram_write_GB	kv_access_GB	weight_write_GB	q_mul_K_latency_ms	a_mul_V_latency_ms	linear_latency_ms
8191	46	306.269856	0.1126	0.2544266060581555	14.031401184	0.018137088	0.805306368	13.2120576	0.191056	0.193928	5.995638
8191	368	39.02784	0.8834	1.9966055000737934	14.031401184	0.018137088	0.805306368	13.2120576	0.025184	0.029432	0.758464
8191	568	25.577616000000003	1.3479	3.0465388173784453	14.031401184	0.018137088	0.805306368	13.2120576	0.01684	0.02116	0.494867
8191	768	19.124975999999997	1.8027	4.07442079927316	14.031401184	0.018137088	0.805306368	13.2120576	0.012768	0.017192	0.368477
16383	46	324.599328	0.131	0.29731669684787515	14.848897248	0.033865728	1.610612736	13.2120576	0.382016	0.384832	5.995638
16383	368	41.507712000000005	1.0246	2.325081180094918	14.848897248	0.033865728	1.610612736	13.2120576	0.050336	0.055944	0.758464
16383	568	27.260303999999998	1.5602	3.5402686631814526	14.848897248	0.033865728	1.610612736	13.2120576	0.033656	0.0394	0.494867
16383	768	20.420976	2.0827	4.725964126298371	14.848897248	0.033865728	1.610612736	13.2120576	0.025504	0.031456	0.368477
32767	46	361.393824	0.1623	0.407303031277037	16.483889376	0.065323008	3.221225472	13.2120576	0.763848	0.769552	5.995638
32767	368	46.603008	1.2582	3.1585257329312304	16.483889376	0.065323008	3.221225472	13.2120576	0.10056	0.111872	0.758464
32767	568	30.761232	1.9062	4.785139944980097	16.483889376	0.065323008	3.221225472	13.2120576	0.067208	0.078784	0.494867
32767	768	23.150064	2.5329	6.358375510322563	16.483889376	0.065323008	3.221225472	13.2120576	0.050912	0.062904	0.368477
65535	46	434.98742400000003	0.2089	0.5724193074602543	19.753873632	0.128237568	6.442450944	13.2120576	1.527608	1.538992	5.995638
65535	368	56.797439999999995	1.5995	4.383915894800892	19.753873632	0.128237568	6.442450944	13.2120576	0.201088	0.223728	0.758464
65535	568	37.766928	2.4055	6.592942904967012	19.753873632	0.128237568	6.442450944	13.2120576	0.134392	0.157552	0.494867
65535	768	28.611311999999998	3.1753	8.70268374970012	19.753873632	0.128237568	6.442450944	13.2120576	0.101792	0.1258	0.368477
131071	46	582.1696320000001	0.2667	0.7766973320930626	26.293842144	0.254066688	12.884901888	13.2120576	3.055024	3.077872	5.995638
131071	368	77.18208	2.0118	5.858479066643449	26.293842144	0.254066688	12.884901888	13.2120576	0.402056	0.44744	0.758464
131071	568	51.774863999999994	2.999	8.733380738576155	26.293842144	0.254066688	12.884901888	13.2120576	0.268688	0.315088	0.494867
131071	768	39.530736	3.9279	11.438431098272494	26.293842144	0.254066688	12.884901888	13.2120576	0.203488	0.251592	0.368477
